strainName	animal	pathogenicity
scaffold_LOPR010.fasta.vcf	cow	pathogen
scaffold_ESC_JB5130AA_AS.result.fasta.vcf	cow	pathogen
scaffold_ESC_JB5383AA_AS.result.fasta.vcf	cow	pathogen
scaffold_ESC_JB5353AA_AS.result.fasta.vcf	cow	pathogen
scaffold_ESC_JB6296AA_AS.result.fasta.vcf	cow	pathogen
scaffold_LONL010.fasta.vcf	cow	pathogen
scaffold_ESC_ZA2570AA_AS.result.fasta.vcf	cow	pathogen
scaffold_LONM010.fasta.vcf	cow	pathogen
scaffold_ESC_JB5329AA_AS.result.fasta.vcf	cow	pathogen
scaffold_JACCHD0100.fasta.vcf	cow	pathogen
scaffold_ESC_JB5162AA_AS.result.fasta.vcf	cow	pathogen
scaffold_ESC_JB5356AA_AS.result.fasta.vcf	cow	pathogen
scaffold_ESC_ZA2921AA_AS.result.fasta.vcf	cow	pathogen
scaffold_ESC_ZA2569AA_AS.result.fasta.vcf	cow	pathogen
scaffold_LOOU010.fasta.vcf	cow	pathogen
scaffold_LOOT010.fasta.vcf	cow	pathogen
scaffold_ESC_JB6293AA_AS.result.fasta.vcf	cow	pathogen
scaffold_JACCHI0100.fasta.vcf	cow	pathogen
scaffold_JACCGP0100.fasta.vcf	cow	pathogen
scaffold_ESC_ZA3238AA_AS.result.fasta.vcf	cow	pathogen
scaffold_ESC_JB5167AA_AS.result.fasta.vcf	cow	pathogen
scaffold_ESC_JB5382AA_AS.result.fasta.vcf	cow	pathogen
scaffold_JACCHB0100.fasta.vcf	cow	pathogen
scaffold_ESC_JB5131AA_AS.result.fasta.vcf	cow	pathogen
scaffold_LONX010.fasta.vcf	cow	pathogen
scaffold_LONY010.fasta.vcf	cow	pathogen
scaffold_ESC_ZA2571AA_AS.result.fasta.vcf	cow	pathogen
scaffold_JACCGN0100.fasta.vcf	cow	pathogen
scaffold_ESC_JB5328AA_AS.result.fasta.vcf	cow	pathogen
scaffold_LOPF010.fasta.vcf	cow	pathogen
scaffold_LOOK010.fasta.vcf	cow	pathogen
scaffold_LOPG010.fasta.vcf	cow	pathogen
scaffold_LOOJ010.fasta.vcf	cow	pathogen
scaffold_ESC_JB5163AA_AS.result.fasta.vcf	cow	pathogen
scaffold_JACCGV0100.fasta.vcf	cow	pathogen
scaffold_LONR010.fasta.vcf	cow	pathogen
scaffold_LONS010.fasta.vcf	cow	pathogen
scaffold_ESC_JB5134AA_AS.result.fasta.vcf	cow	pathogen
scaffold_LOOA010.fasta.vcf	cow	pathogen
scaffold_LOPL010.fasta.vcf	cow	pathogen
scaffold_LOPM010.fasta.vcf	cow	pathogen
scaffold_ESC_JB6292AA_AS.result.fasta.vcf	cow	pathogen
scaffold_ESC_ZA2574AA_AS.result.fasta.vcf	cow	pathogen
scaffold_ESC_ZA3239AA_AS.result.fasta.vcf	cow	pathogen
scaffold_ESC_JB5166AA_AS.result.fasta.vcf	cow	pathogen
scaffold_ESC_JB5381AA_AS.result.fasta.vcf	cow	pathogen
scaffold_ESC_JB5132AA_AS.result.fasta.vcf	cow	pathogen
scaffold_ESC_ZA2990AA_AS.result.fasta.vcf	cow	pathogen
scaffold_ESC_CB0957AA_AS.result.fasta.vcf	cow	pathogen
scaffold_ESC_ZA3245AA_AS.result.fasta.vcf	cow	pathogen
scaffold_ESC_JB5148AA_AS.result.fasta.vcf	cow	pathogen
scaffold_ESC_ZA2572AA_AS.result.fasta.vcf	cow	pathogen
scaffold_ESC_JB6294AA_AS.result.fasta.vcf	cow	pathogen
scaffold_ESC_ZA3259AA_AS.result.fasta.vcf	cow	pathogen
scaffold_ESC_ZA2408AA_AS.result.fasta.vcf	cow	pathogen
scaffold_LOPA010.fasta.vcf	cow	pathogen
scaffold_LOOL010.fasta.vcf	cow	pathogen
scaffold_LOOM010.fasta.vcf	cow	pathogen
scaffold_JACCHE0100.fasta.vcf	cow	pathogen
scaffold_ESC_JB5354AA_AS.result.fasta.vcf	cow	pathogen
scaffold_ESC_JB5384AA_AS.result.fasta.vcf	cow	pathogen
scaffold_LONU010.fasta.vcf	cow	pathogen
scaffold_LONT010.fasta.vcf	cow	pathogen
scaffold_ESC_JB5151AA_AS.result.fasta.vcf	cow	pathogen
scaffold_ESC_ZA2989AA_AS.result.fasta.vcf	cow	pathogen
scaffold_LOOF010.fasta.vcf	cow	pathogen
scaffold_LOPK010.fasta.vcf	cow	pathogen
scaffold_LOOG010.fasta.vcf	cow	pathogen
scaffold_LOPJ010.fasta.vcf	cow	pathogen
scaffold_ESC_ZA2577AA_AS.result.fasta.vcf	cow	pathogen
scaffold_ESC_JB5165AA_AS.result.fasta.vcf	cow	pathogen
scaffold_JACCHH0100.fasta.vcf	cow	pathogen
scaffold_JACCGQ0100.fasta.vcf	cow	pathogen
scaffold_ESC_JB5133AA_AS.result.fasta.vcf	cow	pathogen
scaffold_ESC_JB5380AA_AS.result.fasta.vcf	cow	pathogen
scaffold_LOOX010.fasta.vcf	cow	pathogen
scaffold_LOOY010.fasta.vcf	cow	pathogen
scaffold_JACCGZ0100.fasta.vcf	cow	pathogen
scaffold_JACCHC0100.fasta.vcf	cow	pathogen
scaffold_ESC_ZA3244AA_AS.result.fasta.vcf	cow	pathogen
scaffold_ESC_JB5149AA_AS.result.fasta.vcf	cow	pathogen
scaffold_ESC_ZA3258AA_AS.result.fasta.vcf	cow	pathogen
scaffold_ESC_JB6295AA_AS.result.fasta.vcf	cow	pathogen
scaffold_ESC_ZA2573AA_AS.result.fasta.vcf	cow	pathogen
scaffold_LONK010.fasta.vcf	cow	pathogen
scaffold_ESC_ZA2409AA_AS.result.fasta.vcf	cow	pathogen
scaffold_LONJ010.fasta.vcf	cow	pathogen
scaffold_JACCGO0100.fasta.vcf	cow	pathogen
scaffold_ESC_JB5355AA_AS.result.fasta.vcf	cow	pathogen
scaffold_ESC_JB5150AA_AS.result.fasta.vcf	cow	pathogen
scaffold_JACCGW0100.fasta.vcf	cow	pathogen
scaffold_LOOR010.fasta.vcf	cow	pathogen
scaffold_LOOS010.fasta.vcf	cow	pathogen
scaffold_ESC_ZA2576AA_AS.result.fasta.vcf	cow	pathogen
scaffold_ESC_JB5164AA_AS.result.fasta.vcf	cow	pathogen
scaffold_LONQ010.fasta.vcf	cow	pathogen
scaffold_LONP010.fasta.vcf	cow	pathogen
scaffold_JACCHF0100.fasta.vcf	cow	pathogen
scaffold_ESC_ZA2903AA_AS.result.fasta.vcf	cow	pathogen
scaffold_ESC_ZA3260AA_AS.result.fasta.vcf	cow	pathogen
scaffold_LOPO010.fasta.vcf	cow	pathogen
scaffold_LOOB010.fasta.vcf	cow	pathogen
scaffold_LOPN010.fasta.vcf	cow	pathogen
scaffold_LOOC010.fasta.vcf	cow	pathogen
scaffold_ESC_JB5340AA_AS.result.fasta.vcf	cow	pathogen
scaffold_ESC_ZA2405AA_AS.result.fasta.vcf	cow	pathogen
scaffold_ESC_JB5326AA_AS.result.fasta.vcf	cow	pathogen
scaffold_ESC_ZA3254AA_AS.result.fasta.vcf	cow	pathogen
scaffold_ESC_JB5145AA_AS.result.fasta.vcf	cow	pathogen
scaffold_JACCGR0100.fasta.vcf	cow	pathogen
scaffold_ESC_ZA2566AA_AS.result.fasta.vcf	cow	pathogen
scaffold_LONZ010.fasta.vcf	cow	pathogen
scaffold_ESC_ZA2898AA_AS.result.fasta.vcf	cow	pathogen
scaffold_ESC_JB5395AA_AS.result.fasta.vcf	cow	pathogen
scaffold_ESC_ZA3251AA_AS.result.fasta.vcf	cow	pathogen
scaffold_LOOH010.fasta.vcf	cow	pathogen
scaffold_LOPE010.fasta.vcf	cow	pathogen
scaffold_LOOI010.fasta.vcf	cow	pathogen
scaffold_LOPD010.fasta.vcf	cow	pathogen
scaffold_JACCGL0100.fasta.vcf	cow	pathogen
scaffold_LOOV010.fasta.vcf	cow	pathogen
scaffold_LOOW010.fasta.vcf	cow	pathogen
scaffold_ESC_ZA3261AA_AS.result.fasta.vcf	cow	pathogen
scaffold_JACCGY0100.fasta.vcf	cow	pathogen
scaffold_ESC_JB5341AA_AS.result.fasta.vcf	cow	pathogen
scaffold_ESC_JB5327AA_AS.result.fasta.vcf	cow	pathogen
scaffold_ESC_ZA2404AA_AS.result.fasta.vcf	cow	pathogen
scaffold_ESC_ZA3255AA_AS.result.fasta.vcf	cow	pathogen
ESC_ZA1996AA_AS.result(1).fasta	cow	pathogen
scaffold_LOPQ010.fasta.vcf	cow	pathogen
scaffold_LOPP010.fasta.vcf	cow	pathogen
scaffold_ESC_ZA2899AA_AS.result.fasta.vcf	cow	pathogen
scaffold_JACCGT0100.fasta.vcf	cow	pathogen
scaffold_LONO010.fasta.vcf	cow	pathogen
scaffold_LONN010.fasta.vcf	cow	pathogen
scaffold_ESC_JB5394AA_AS.result.fasta.vcf	cow	pathogen
scaffold_ESC_ZA3250AA_AS.result.fasta.vcf	cow	pathogen
scaffold_ESC_ZA2401AA_AS.result.fasta.vcf	cow	pathogen
scaffold_ESC_ZA2901AA_AS.result.fasta.vcf	cow	pathogen
scaffold_LOOQ010.fasta.vcf	cow	pathogen
scaffold_LOOP010.fasta.vcf	cow	pathogen
scaffold_JACCHG0100.fasta.vcf	cow	pathogen
scaffold_ESC_ZA3262AA_AS.result.fasta.vcf	cow	pathogen
scaffold_ESC_JB5342AA_AS.result.fasta.vcf	cow	pathogen
scaffold_ESC_JB5147AA_AS.result.fasta.vcf	cow	pathogen
scaffold_LOOZ010.fasta.vcf	cow	pathogen
scaffold_JACCGS0100.fasta.vcf	cow	pathogen
scaffold_ESC_JB5397AA_AS.result.fasta.vcf	cow	pathogen
scaffold_LONI010.fasta.vcf	cow	pathogen
scaffold_ESC_ZA3235AA_AS.result.fasta.vcf	cow	pathogen
scaffold_ESC_ZA2578AA_AS.result.fasta.vcf	cow	pathogen
scaffold_ESC_ZA3253AA_AS.result.fasta.vcf	cow	pathogen
scaffold_ESC_ZA2402AA_AS.result.fasta.vcf	cow	pathogen
scaffold_ESC_ZA2900AA_AS.result.fasta.vcf	cow	pathogen
scaffold_LONV010.fasta.vcf	cow	pathogen
scaffold_ESC_JB5339AA_AS.result.fasta.vcf	cow	pathogen
scaffold_LONW010.fasta.vcf	cow	pathogen
scaffold_JACCGM0100.fasta.vcf	cow	pathogen
scaffold_LOPH010.fasta.vcf	cow	pathogen
scaffold_LOOE010.fasta.vcf	cow	pathogen
scaffold_LOPI010.fasta.vcf	cow	pathogen
scaffold_LOOD010.fasta.vcf	cow	pathogen
scaffold_ESC_JB5343AA_AS.result.fasta.vcf	cow	pathogen
scaffold_ESC_ZA2406AA_AS.result.fasta.vcf	cow	pathogen
scaffold_JACCHA0100.fasta.vcf	cow	pathogen
scaffold_JACCGX0100.fasta.vcf	cow	pathogen
scaffold_ESC_JB5146AA_AS.result.fasta.vcf	cow	pathogen
scaffold_ESC_ZA3257AA_AS.result.fasta.vcf	cow	pathogen
scaffold_ESC_ZA2565AA_AS.result.fasta.vcf	cow	pathogen
scaffold_ESC_JB5396AA_AS.result.fasta.vcf	cow	pathogen
scaffold_JACCGU0100.fasta.vcf	cow	pathogen
scaffold_LOOO010.fasta.vcf	cow	pathogen
scaffold_LOPB010.fasta.vcf	cow	pathogen
scaffold_ESC_ZA3252AA_AS.result.fasta.vcf	cow	pathogen
scaffold_LOON010.fasta.vcf	cow	pathogen
scaffold_LOPC010.fasta.vcf	cow	pathogen
scaffold_ESC_ZA2403AA_AS.result.fasta.vcf	cow	pathogen
scaffold_NZ_BIBG01000.fasta.vcf	cow	commensal
scaffold_NZ_BIDE01000.fasta.vcf	cow	commensal
scaffold_NZ_BICU01000.fasta.vcf	cow	commensal
scaffold_NZ_BIEW01000.fasta.vcf	cow	commensal
scaffold_NZ_BGIS01000.fasta.vcf	cow	commensal
scaffold_NZ_BICK01000.fasta.vcf	cow	commensal
scaffold_NZ_JYKB01000.fasta.vcf	cow	commensal
scaffold_NZ_BGJJ01000.fasta.vcf	cow	commensal
scaffold_NZ_BIEI01000.fasta.vcf	cow	commensal
scaffold_NZ_BGIM01000.fasta.vcf	cow	commensal
scaffold_NZ_BIBY01000.fasta.vcf	cow	commensal
scaffold_NZ_BIEZ01000.fasta.vcf	cow	commensal
scaffold_NZ_BHZR01000.fasta.vcf	cow	commensal
scaffold_NZ_BICX01000.fasta.vcf	cow	commensal
scaffold_NZ_BIDH01000.fasta.vcf	cow	commensal
scaffold_NZ_BIAM01000.fasta.vcf	cow	commensal
scaffold_NZ_BIBJ01000.fasta.vcf	cow	commensal
scaffold_NZ_BIDV01000.fasta.vcf	cow	commensal
scaffold_NZ_BIAS01000.fasta.vcf	cow	commensal
scaffold_NZ_BIBT01000.fasta.vcf	cow	commensal
scaffold_NZ_BGJG01000.fasta.vcf	cow	commensal
scaffold_NZ_BIED01000.fasta.vcf	cow	commensal
scaffold_NZ_BIFC01000.fasta.vcf	cow	commensal
scaffold_NZ_BHZL01000.fasta.vcf	cow	commensal
scaffold_NZ_BICF01000.fasta.vcf	cow	commensal
scaffold_NZ_BIDM01000.fasta.vcf	cow	commensal
scaffold_NZ_BIBO01000.fasta.vcf	cow	commensal
scaffold_NZ_BIAH01000.fasta.vcf	cow	commensal
scaffold_NZ_BHZW01000.fasta.vcf	cow	commensal
scaffold_NZ_BGAD01000.fasta.vcf	cow	commensal
scaffold_NZ_BGIE01000.fasta.vcf	cow	commensal
scaffold_NZ_BGJB01000.fasta.vcf	cow	commensal
scaffold_NZ_BIEA01000.fasta.vcf	cow	commensal
scaffold_AP024126.1.fasta.vcf	cow	commensal
scaffold_NZ_BICC01000.fasta.vcf	cow	commensal
scaffold_NZ_LCVI01000.fasta.vcf	cow	commensal
scaffold_NZ_BIDS01000.fasta.vcf	cow	commensal
scaffold_NZ_LAGW01000.fasta.vcf	cow	commensal
scaffold_NZ_BGHW01000.fasta.vcf	cow	commensal
scaffold_NZ_BIBQ01000.fasta.vcf	cow	commensal
scaffold_NZ_BIAV01000.fasta.vcf	cow	commensal
scaffold_NZ_BICP01000.fasta.vcf	cow	commensal
scaffold_NZ_BHZZ01000.fasta.vcf	cow	commensal
scaffold_NZ_BIER01000.fasta.vcf	cow	commensal
scaffold_NZ_BIBB01000.fasta.vcf	cow	commensal
scaffold_NZ_BIAE01000.fasta.vcf	cow	commensal
scaffold_NZ_BGHZ01000.fasta.vcf	cow	commensal
scaffold_NZ_BICN01000.fasta.vcf	cow	commensal
scaffold_NZ_BGDR01000.fasta.vcf	cow	commensal
scaffold_NZ_BGIH01000.fasta.vcf	cow	commensal
scaffold_NZ_BIEL01000.fasta.vcf	cow	commensal
scaffold_NZ_BICI01000.fasta.vcf	cow	commensal
scaffold_NZ_BGIO01000.fasta.vcf	cow	commensal
scaffold_NZ_BIEK01000.fasta.vcf	cow	commensal
scaffold_NZ_BGJH01000.fasta.vcf	cow	commensal
scaffold_NZ_BGEG01000.fasta.vcf	cow	commensal
scaffold_NZ_BIDY01000.fasta.vcf	cow	commensal
scaffold_NZ_BIBE01000.fasta.vcf	cow	commensal
scaffold_NZ_BIAB01000.fasta.vcf	cow	commensal
scaffold_NZ_BIDG01000.fasta.vcf	cow	commensal
scaffold_NZ_BGIQ01000.fasta.vcf	cow	commensal
scaffold_NZ_BIEU01000.fasta.vcf	cow	commensal
scaffold_NZ_BIDT01000.fasta.vcf	cow	commensal
scaffold_NZ_BGHP01000.fasta.vcf	cow	commensal
scaffold_NZ_BFZB01000.fasta.vcf	cow	commensal
scaffold_NZ_BIBV01000.fasta.vcf	cow	commensal
scaffold_NZ_BIAQ01000.fasta.vcf	cow	commensal
scaffold_NZ_BGIB01000.fasta.vcf	cow	commensal
scaffold_NZ_BIFA01000.fasta.vcf	cow	commensal
scaffold_NZ_BIEF01000.fasta.vcf	cow	commensal
scaffold_NZ_BGJE01000.fasta.vcf	cow	commensal
scaffold_NZ_BHZN01000.fasta.vcf	cow	commensal
scaffold_NZ_BICD01000.fasta.vcf	cow	commensal
scaffold_NZ_BGDX01000.fasta.vcf	cow	commensal
scaffold_NZ_BIEX01000.fasta.vcf	cow	commensal
scaffold_NZ_BHZP01000.fasta.vcf	cow	commensal
scaffold_NZ_BICZ01000.fasta.vcf	cow	commensal
scaffold_NZ_BIDJ01000.fasta.vcf	cow	commensal
scaffold_NZ_BIBH01000.fasta.vcf	cow	commensal
scaffold_NZ_BIAO01000.fasta.vcf	cow	commensal
scaffold_NZ_BIEC01000.fasta.vcf	cow	commensal
scaffold_NZ_BGIG01000.fasta.vcf	cow	commensal
scaffold_NZ_BIFD01000.fasta.vcf	cow	commensal
scaffold_NZ_BICA01000.fasta.vcf	cow	commensal
scaffold_NZ_BGHU01000.fasta.vcf	cow	commensal
scaffold_NZ_BIDQ01000.fasta.vcf	cow	commensal
scaffold_NZ_BIAT01000.fasta.vcf	cow	commensal
scaffold_NZ_BIBS01000.fasta.vcf	cow	commensal
scaffold_NZ_BGHK01000.fasta.vcf	cow	commensal
scaffold_NZ_BIDO01000.fasta.vcf	cow	commensal
scaffold_NZ_BIAJ01000.fasta.vcf	cow	commensal
scaffold_NZ_BIBM01000.fasta.vcf	cow	commensal
scaffold_NZ_BHZU01000.fasta.vcf	cow	commensal
scaffold_NZ_JYHQ01000.fasta.vcf	cow	commensal
scaffold_NZ_BIAY01000.fasta.vcf	cow	commensal
scaffold_NZ_BFYM01000.fasta.vcf	cow	commensal
scaffold_NZ_BGHX01000.fasta.vcf	cow	commensal
scaffold_NZ_BICL01000.fasta.vcf	cow	commensal
scaffold_NZ_BIEN01000.fasta.vcf	cow	commensal
scaffold_NZ_BGIJ01000.fasta.vcf	cow	commensal
scaffold_NZ_BICR01000.fasta.vcf	cow	commensal
scaffold_NZ_BHZX01000.fasta.vcf	cow	commensal
scaffold_NZ_BIEP01000.fasta.vcf	cow	commensal
scaffold_NZ_BIAG01000.fasta.vcf	cow	commensal
scaffold_NZ_BIDB01000.fasta.vcf	cow	commensal
scaffold_NZ_BHZV01000.fasta.vcf	cow	commensal
scaffold_NZ_BGIZ01000.fasta.vcf	cow	commensal
scaffold_AP024130.1.fasta.vcf	cow	commensal
scaffold_NZ_BIDL01000.fasta.vcf	cow	commensal
scaffold_NZ_BIBN01000.fasta.vcf	cow	commensal
scaffold_NZ_BIAI01000.fasta.vcf	cow	commensal
scaffold_NZ_BIDR01000.fasta.vcf	cow	commensal
scaffold_NZ_LCVH01000.fasta.vcf	cow	commensal
scaffold_NZ_BGHV01000.fasta.vcf	cow	commensal
scaffold_NZ_BIBP01000.fasta.vcf	cow	commensal
scaffold_NZ_BIAW01000.fasta.vcf	cow	commensal
scaffold_NZ_JYPB01000.fasta.vcf	cow	commensal
scaffold_NZ_BGID01000.fasta.vcf	cow	commensal
scaffold_NZ_BGJC01000.fasta.vcf	cow	commensal
scaffold_NZ_BICB01000.fasta.vcf	cow	commensal
scaffold_NZ_BIBC01000.fasta.vcf	cow	commensal
scaffold_NZ_BIAD01000.fasta.vcf	cow	commensal
scaffold_NZ_BIDA01000.fasta.vcf	cow	commensal
scaffold_NZ_BGHE01000.fasta.vcf	cow	commensal
scaffold_NZ_MOAH01000.fasta.vcf	cow	commensal
scaffold_NZ_BICQ01000.fasta.vcf	cow	commensal
scaffold_NZ_BGIW01000.fasta.vcf	cow	commensal
scaffold_NZ_BIES01000.fasta.vcf	cow	commensal
scaffold_NZ_BGBO01000.fasta.vcf	cow	commensal
scaffold_NZ_BICO01000.fasta.vcf	cow	commensal
scaffold_NZ_BGII01000.fasta.vcf	cow	commensal
scaffold_NZ_BIEM01000.fasta.vcf	cow	commensal
scaffold_NZ_BIAZ01000.fasta.vcf	cow	commensal
scaffold_NZ_BICT01000.fasta.vcf	cow	commensal
scaffold_NZ_LAUD01000.fasta.vcf	cow	commensal
scaffold_NZ_BIEV01000.fasta.vcf	cow	commensal
scaffold_NZ_BGIR01000.fasta.vcf	cow	commensal
scaffold_NZ_BIAA01000.fasta.vcf	cow	commensal
scaffold_NZ_BIBF01000.fasta.vcf	cow	commensal
scaffold_NZ_BIDD01000.fasta.vcf	cow	commensal
scaffold_NZ_BGED01000.fasta.vcf	cow	commensal
scaffold_NZ_BIBX01000.fasta.vcf	cow	commensal
scaffold_NZ_BIDZ01000.fasta.vcf	cow	commensal
scaffold_NZ_BICJ01000.fasta.vcf	cow	commensal
scaffold_NZ_BIEH01000.fasta.vcf	cow	commensal
scaffold_NZ_BGJK01000.fasta.vcf	cow	commensal
scaffold_NZ_BIDI01000.fasta.vcf	cow	commensal
scaffold_NZ_BFYX01000.fasta.vcf	cow	commensal
scaffold_NZ_BIAL01000.fasta.vcf	cow	commensal
scaffold_NZ_BIBK01000.fasta.vcf	cow	commensal
scaffold_NZ_BHZS01000.fasta.vcf	cow	commensal
scaffold_NZ_BICY01000.fasta.vcf	cow	commensal
scaffold_NZ_BIEE01000.fasta.vcf	cow	commensal
scaffold_NZ_BGJF01000.fasta.vcf	cow	commensal
scaffold_NZ_BGIA01000.fasta.vcf	cow	commensal
scaffold_NZ_BIFB01000.fasta.vcf	cow	commensal
scaffold_NZ_BHZM01000.fasta.vcf	cow	commensal
scaffold_NZ_BICG01000.fasta.vcf	cow	commensal
scaffold_NZ_BGHS01000.fasta.vcf	cow	commensal
scaffold_NZ_BIDW01000.fasta.vcf	cow	commensal
scaffold_NZ_BIAR01000.fasta.vcf	cow	commensal
scaffold_NZ_BIBU01000.fasta.vcf	cow	commensal
scaffold_NZ_BGHT01000.fasta.vcf	cow	commensal
scaffold_NZ_LCVJ01000.fasta.vcf	cow	commensal
scaffold_NZ_BIDP01000.fasta.vcf	cow	commensal
scaffold_NZ_BIAU01000.fasta.vcf	cow	commensal
scaffold_NZ_BIBR01000.fasta.vcf	cow	commensal
scaffold_NZ_BGJA01000.fasta.vcf	cow	commensal
scaffold_NZ_BIEB01000.fasta.vcf	cow	commensal
scaffold_NZ_BGIF01000.fasta.vcf	cow	commensal
scaffold_NZ_BHZT01000.fasta.vcf	cow	commensal
scaffold_NZ_JYHP01000.fasta.vcf	cow	commensal
scaffold_NZ_BIDN01000.fasta.vcf	cow	commensal
scaffold_NZ_BIAK01000.fasta.vcf	cow	commensal
scaffold_NZ_BIBL01000.fasta.vcf	cow	commensal
scaffold_NZ_BICM01000.fasta.vcf	cow	commensal
scaffold_AP024123.1.fasta.vcf	cow	commensal
scaffold_NZ_BIEO01000.fasta.vcf	cow	commensal
scaffold_NZ_BGIK01000.fasta.vcf	cow	commensal
scaffold_NZ_BIAX01000.fasta.vcf	cow	commensal
scaffold_NZ_BGHY01000.fasta.vcf	cow	commensal
scaffold_NZ_LCVG01000.fasta.vcf	cow	commensal
scaffold_NZ_BIAF01000.fasta.vcf	cow	commensal
scaffold_NZ_BIBA01000.fasta.vcf	cow	commensal
scaffold_NZ_BGHG01000.fasta.vcf	cow	commensal
scaffold_NZ_BIDC01000.fasta.vcf	cow	commensal
scaffold_NZ_BICS01000.fasta.vcf	cow	commensal
scaffold_NZ_LAUC01000.fasta.vcf	cow	commensal
scaffold_NZ_BHZY01000.fasta.vcf	cow	commensal
scaffold_NZ_BIEQ01000.fasta.vcf	cow	commensal
scaffold_NZ_BGIU01000.fasta.vcf	cow	commensal
scaffold_NZ_BIBZ01000.fasta.vcf	cow	commensal
scaffold_NZ_BGCD01000.fasta.vcf	cow	commensal
scaffold_NZ_BIDX01000.fasta.vcf	cow	commensal
scaffold_NZ_BICH01000.fasta.vcf	cow	commensal
scaffold_NZ_BGJI01000.fasta.vcf	cow	commensal
scaffold_NZ_BIEJ01000.fasta.vcf	cow	commensal
scaffold_NZ_BICV01000.fasta.vcf	cow	commensal
scaffold_NZ_BGIP01000.fasta.vcf	cow	commensal
scaffold_NZ_BIET01000.fasta.vcf	cow	commensal
scaffold_NZ_BIBD01000.fasta.vcf	cow	commensal
scaffold_NZ_BGEX01000.fasta.vcf	cow	commensal
scaffold_NZ_BIAC01000.fasta.vcf	cow	commensal
scaffold_NZ_BIDF01000.fasta.vcf	cow	commensal
scaffold_NZ_BGIC01000.fasta.vcf	cow	commensal
scaffold_NZ_BGJD01000.fasta.vcf	cow	commensal
scaffold_NZ_BIEG01000.fasta.vcf	cow	commensal
scaffold_NZ_BHZO01000.fasta.vcf	cow	commensal
scaffold_NZ_BICE01000.fasta.vcf	cow	commensal
scaffold_NZ_BIDU01000.fasta.vcf	cow	commensal
scaffold_NZ_BGHQ01000.fasta.vcf	cow	commensal
scaffold_NZ_BIBW01000.fasta.vcf	cow	commensal
scaffold_NZ_BIAP01000.fasta.vcf	cow	commensal
scaffold_NZ_BIDK01000.fasta.vcf	cow	commensal
scaffold_NZ_BGHO01000.fasta.vcf	cow	commensal
scaffold_NZ_BIBI01000.fasta.vcf	cow	commensal
scaffold_NZ_JXUH01000.fasta.vcf	cow	commensal
scaffold_NZ_BIAN01000.fasta.vcf	cow	commensal
scaffold_NZ_BIEY01000.fasta.vcf	cow	commensal
scaffold_NZ_BHZQ01000.fasta.vcf	cow	commensal
scaffold_9013_Nordic_E102.fasta.vcf	chicken	pathogen
scaffold_9526_6885.fasta.vcf	chicken	pathogen
scaffold_1588_SS_378.fasta.vcf	chicken	pathogen
scaffold_1614_SS_411.fasta.vcf	chicken	pathogen
scaffold_8998_Nordic_E48.fasta.vcf	chicken	pathogen
scaffold_7156_6414.fasta.vcf	chicken	pathogen
scaffold_9534_Nordic_E43.fasta.vcf	chicken	pathogen
scaffold_1602_SS_395.fasta.vcf	chicken	pathogen
scaffold_8732_MOD1_EC6541.fasta.vcf	chicken	pathogen
scaffold_3743_AV101.fasta.vcf	chicken	pathogen
scaffold_6990_2922.fasta.vcf	chicken	pathogen
scaffold_8707_E102.fasta.vcf	chicken	pathogen
scaffold_9441_5893.fasta.vcf	chicken	pathogen
scaffold_7135_6117.fasta.vcf	chicken	pathogen
scaffold_3798_AV59.fasta.vcf	chicken	pathogen
scaffold_4064_AV_b2_98.fasta.vcf	chicken	pathogen
scaffold_4056_AV_b2_17.fasta.vcf	chicken	pathogen
scaffold_4484_9372_EC_USA_CBL.fasta.vcf	chicken	pathogen
scaffold_3754_AV15.fasta.vcf	chicken	pathogen
scaffold_4478_9366_EC_USA_CBL.fasta.vcf	chicken	pathogen
scaffold_9447_7170.fasta.vcf	chicken	pathogen
scaffold_3772_AV33.fasta.vcf	chicken	pathogen
scaffold_3791_AV52.fasta.vcf	chicken	pathogen
scaffold_8999_Nordic_E49.fasta.vcf	chicken	pathogen
scaffold_1590_SS_380.fasta.vcf	chicken	pathogen
scaffold_9528_7150.fasta.vcf	chicken	pathogen
scaffold_9004_Nordic_E63.fasta.vcf	chicken	pathogen
scaffold_9448_7171.fasta.vcf	chicken	pathogen
scaffold_9524_6879.fasta.vcf	chicken	pathogen
scaffold_8784_Nordic_E9.fasta.vcf	chicken	pathogen
scaffold_1623_APEC_O1.fasta.vcf	chicken	pathogen
scaffold_8708_E105.fasta.vcf	chicken	pathogen
scaffold_7147_6385.fasta.vcf	chicken	pathogen
scaffold_7006_4686.fasta.vcf	chicken	pathogen
scaffold_7021_5060.fasta.vcf	chicken	pathogen
scaffold_8787_Nordic_E16.fasta.vcf	chicken	pathogen
scaffold_9014_Nordic_E105.fasta.vcf	chicken	pathogen
scaffold_9514_6775.fasta.vcf	chicken	pathogen
scaffold_9445_6292.fasta.vcf	chicken	pathogen
scaffold_3740_AV098.fasta.vcf	chicken	pathogen
scaffold_3769_AV30.fasta.vcf	chicken	pathogen
scaffold_7132_6114.fasta.vcf	chicken	pathogen
scaffold_7167_6425.fasta.vcf	chicken	pathogen
scaffold_8780_Nordic_E4.fasta.vcf	chicken	pathogen
scaffold_8724_MOD1_EC5115.fasta.vcf	chicken	pathogen
scaffold_4483_9371_EC_USA_CBL.fasta.vcf	chicken	pathogen
scaffold_3765_AV26.fasta.vcf	chicken	pathogen
scaffold_1591_SS_382.fasta.vcf	chicken	pathogen
scaffold_3786_AV47.fasta.vcf	chicken	pathogen
scaffold_7094_3394_2.fasta.vcf	chicken	pathogen
scaffold_1587_SS_377.fasta.vcf	chicken	pathogen
scaffold_1599_SS_392.fasta.vcf	chicken	pathogen
scaffold_8988_Nordic_E29.fasta.vcf	chicken	pathogen
scaffold_7168_6426.fasta.vcf	chicken	pathogen
scaffold_7148_6386.fasta.vcf	chicken	pathogen
scaffold_9527_6991.fasta.vcf	chicken	pathogen
scaffold_8678_A_CH_SAP641.fasta.vcf	chicken	pathogen
scaffold_8779_Nordic_E3.fasta.vcf	chicken	pathogen
scaffold_8994_Nordic_E40.fasta.vcf	chicken	pathogen
scaffold_3762_AV23.fasta.vcf	chicken	pathogen
scaffold_3801_AV62.fasta.vcf	chicken	pathogen
scaffold_4480_9368_EC_USA_CBL.fasta.vcf	chicken	pathogen
scaffold_8989_Nordic_E31.fasta.vcf	chicken	pathogen
scaffold_3753_AV14.fasta.vcf	chicken	pathogen
scaffold_4477_9365_EC_USA_CBL.fasta.vcf	chicken	pathogen
scaffold_7002_3360.fasta.vcf	chicken	pathogen
scaffold_1604_SS_397.fasta.vcf	chicken	pathogen
scaffold_8656_blood_10_0682.fasta.vcf	chicken	pathogen
scaffold_6556_AV108.fasta.vcf	chicken	pathogen
scaffold_7129_6111.fasta.vcf	chicken	pathogen
scaffold_9446_6344.fasta.vcf	chicken	pathogen
scaffold_4487_9375_EC_USA_CBL.fasta.vcf	chicken	pathogen
scaffold_8730_MOD1_EC6094.fasta.vcf	chicken	pathogen
scaffold_8710_E109.fasta.vcf	chicken	pathogen
scaffold_6999_3329.fasta.vcf	chicken	pathogen
scaffold_8985_Nordic_E23.fasta.vcf	chicken	pathogen
scaffold_9017_Nordic_E1.fasta.vcf	chicken	pathogen
scaffold_3835_AV96.fasta.vcf	chicken	pathogen
scaffold_9536_Nordic_E89.fasta.vcf	chicken	pathogen
scaffold_7165_6423.fasta.vcf	chicken	pathogen
scaffold_7130_6112.fasta.vcf	chicken	pathogen
scaffold_1608_SS_404.fasta.vcf	chicken	pathogen
scaffold_7170_6428.fasta.vcf	chicken	pathogen
scaffold_7136_6118.fasta.vcf	chicken	pathogen
scaffold_6995_3302.fasta.vcf	chicken	pathogen
scaffold_1598_SS_391.fasta.vcf	chicken	pathogen
scaffold_8995_Nordic_E44.fasta.vcf	chicken	pathogen
scaffold_7150_6388.fasta.vcf	chicken	pathogen
scaffold_9451_7174.fasta.vcf	chicken	pathogen
scaffold_7012_4741.fasta.vcf	chicken	pathogen
scaffold_8725_MOD1_EC5763.fasta.vcf	chicken	pathogen
scaffold_7145_6383.fasta.vcf	chicken	pathogen
scaffold_4573_8625.fasta.vcf	chicken	pathogen
scaffold_6578_AV130.fasta.vcf	chicken	pathogen
scaffold_3746_AV104.fasta.vcf	chicken	pathogen
scaffold_9464_7444.fasta.vcf	chicken	pathogen
scaffold_1613_SS_410.fasta.vcf	chicken	pathogen
scaffold_8786_Nordic_E12.fasta.vcf	chicken	pathogen
scaffold_9006_Nordic_E69.fasta.vcf	chicken	pathogen
scaffold_7152_6390.fasta.vcf	chicken	pathogen
scaffold_7160_6418.fasta.vcf	chicken	pathogen
scaffold_3745_AV103.fasta.vcf	chicken	pathogen
scaffold_3779_AV40.fasta.vcf	chicken	pathogen
scaffold_7140_6378.fasta.vcf	chicken	pathogen
scaffold_8726_MOD1_EC5764.fasta.vcf	chicken	pathogen
scaffold_7172_6430.fasta.vcf	chicken	pathogen
scaffold_8781_Nordic_E6.fasta.vcf	chicken	pathogen
scaffold_8984_Nordic_E22.fasta.vcf	chicken	pathogen
scaffold_9463_7443.fasta.vcf	chicken	pathogen
scaffold_9471_7452.fasta.vcf	chicken	pathogen
scaffold_9517_6778.fasta.vcf	chicken	pathogen
scaffold_7089_3279.fasta.vcf	chicken	pathogen
scaffold_7093_3394_1.fasta.vcf	chicken	pathogen
scaffold_4057_AV_b2_29.fasta.vcf	chicken	pathogen
scaffold_4578_8629.fasta.vcf	chicken	pathogen
scaffold_6991_3234.fasta.vcf	chicken	pathogen
scaffold_7007_4688.fasta.vcf	chicken	pathogen
scaffold_4574_8626.fasta.vcf	chicken	pathogen
scaffold_6566_AV118.fasta.vcf	chicken	pathogen
scaffold_9531_7153.fasta.vcf	chicken	pathogen
scaffold_1603_SS_396.fasta.vcf	chicken	pathogen
scaffold_4488_9376_EC_USA_CBL.fasta.vcf	chicken	pathogen
scaffold_4577_8628.fasta.vcf	chicken	pathogen
scaffold_7032_3373_1.fasta.vcf	chicken	pathogen
scaffold_7008_4689.fasta.vcf	chicken	pathogen
scaffold_9007_Nordic_E77.fasta.vcf	chicken	pathogen
scaffold_3760_AV21.fasta.vcf	chicken	pathogen
scaffold_6559_AV111.fasta.vcf	chicken	pathogen
scaffold_7138_6376.fasta.vcf	chicken	pathogen
scaffold_9474_7456.fasta.vcf	chicken	pathogen
scaffold_7155_6393.fasta.vcf	chicken	pathogen
scaffold_6996_3311.fasta.vcf	chicken	pathogen
scaffold_7005_3380.fasta.vcf	chicken	pathogen
scaffold_1610_SS_407.fasta.vcf	chicken	pathogen
scaffold_9516_6777.fasta.vcf	chicken	pathogen
scaffold_7175_6449.fasta.vcf	chicken	pathogen
scaffold_4058_AV_b2_48.fasta.vcf	chicken	pathogen
scaffold_6573_AV125.fasta.vcf	chicken	pathogen
scaffold_8715_E98.fasta.vcf	chicken	pathogen
scaffold_9453_7392.fasta.vcf	chicken	pathogen
scaffold_8783_Nordic_E8.fasta.vcf	chicken	pathogen
scaffold_1612_SS_409.fasta.vcf	chicken	pathogen
scaffold_9005_Nordic_E65.fasta.vcf	chicken	pathogen
scaffold_8992_Nordic_E36.fasta.vcf	chicken	pathogen
scaffold_7142_6380.fasta.vcf	chicken	pathogen
scaffold_3750_AV107.fasta.vcf	chicken	pathogen
scaffold_6580_AV132.fasta.vcf	chicken	pathogen
scaffold_7137_6375.fasta.vcf	chicken	pathogen
scaffold_6570_AV122.fasta.vcf	chicken	pathogen
scaffold_1609_SS_406.fasta.vcf	chicken	pathogen
scaffold_8679_A_CH_SAP721.fasta.vcf	chicken	pathogen
scaffold_9018_Nordic_E30.fasta.vcf	chicken	pathogen
scaffold_7162_6420.fasta.vcf	chicken	pathogen
scaffold_3804_AV65.fasta.vcf	chicken	pathogen
scaffold_1589_SS_379.fasta.vcf	chicken	pathogen
scaffold_4059_AV_b2_68.fasta.vcf	chicken	pathogen
scaffold_4065_AV_b2_99.fasta.vcf	chicken	pathogen
scaffold_3802_AV63.fasta.vcf	chicken	pathogen
scaffold_8993_Nordic_E39.fasta.vcf	chicken	pathogen
scaffold_6558_AV110.fasta.vcf	chicken	pathogen
scaffold_9525_6880.fasta.vcf	chicken	pathogen
scaffold_3833_AV94.fasta.vcf	chicken	pathogen
scaffold_3761_AV22.fasta.vcf	chicken	pathogen
scaffold_3739_AV097.fasta.vcf	chicken	pathogen
scaffold_7096_3399.fasta.vcf	chicken	pathogen
scaffold_6567_AV119.fasta.vcf	chicken	pathogen
scaffold_1597_SS_390.fasta.vcf	chicken	pathogen
scaffold_7031_3371_2.fasta.vcf	chicken	pathogen
scaffold_9550_012PP2015.fasta.vcf	chicken	pathogen
scaffold_7143_6381.fasta.vcf	chicken	pathogen
scaffold_7163_6421.fasta.vcf	chicken	pathogen
scaffold_9510_6771.fasta.vcf	chicken	pathogen
scaffold_9470_7451.fasta.vcf	chicken	pathogen
scaffold_1606_SS_401.fasta.vcf	chicken	pathogen
scaffold_3785_AV46.fasta.vcf	chicken	pathogen
scaffold_9011_Nordic_E94.fasta.vcf	chicken	pathogen
scaffold_7103_3414_2.fasta.vcf	chicken	pathogen
scaffold_9537_Nordic_E99.fasta.vcf	chicken	pathogen
scaffold_9016_Nordic_E110.fasta.vcf	chicken	pathogen
scaffold_4575_8627.fasta.vcf	chicken	pathogen
scaffold_6992_3273.fasta.vcf	chicken	pathogen
scaffold_9008_Nordic_E80.fasta.vcf	chicken	pathogen
scaffold_8785_Nordic_E10.fasta.vcf	chicken	pathogen
scaffold_8709_E107.fasta.vcf	chicken	pathogen
scaffold_7127_6109.fasta.vcf	chicken	pathogen
scaffold_9450_7173.fasta.vcf	chicken	pathogen
scaffold_7174_6432.fasta.vcf	chicken	pathogen
scaffold_4486_9374_EC_USA_CBL.fasta.vcf	chicken	pathogen
scaffold_9530_7152.fasta.vcf	chicken	pathogen
scaffold_6582_AV134.fasta.vcf	chicken	pathogen
scaffold_8997_Nordic_E47.fasta.vcf	chicken	pathogen
scaffold_7139_6377.fasta.vcf	chicken	pathogen
scaffold_7154_6392.fasta.vcf	chicken	pathogen
scaffold_9465_7445.fasta.vcf	chicken	pathogen
scaffold_7090_3370_1.fasta.vcf	chicken	pathogen
scaffold_4572_8624.fasta.vcf	chicken	pathogen
scaffold_6565_AV117.fasta.vcf	chicken	pathogen
scaffold_3771_AV32.fasta.vcf	chicken	pathogen
scaffold_9442_5913.fasta.vcf	chicken	pathogen
scaffold_8782_Nordic_E7.fasta.vcf	chicken	pathogen
scaffold_3669_7950.fasta.vcf	chicken	pathogen
scaffold_3834_AV95.fasta.vcf	chicken	pathogen
scaffold_8983_Nordic_E20.fasta.vcf	chicken	pathogen
scaffold_7153_6391.fasta.vcf	chicken	pathogen
scaffold_7173_6431.fasta.vcf	chicken	pathogen
scaffold_7101_3409.fasta.vcf	chicken	pathogen
scaffold_7161_6419.fasta.vcf	chicken	pathogen
scaffold_3748_AV106.fasta.vcf	chicken	pathogen
scaffold_7141_6379.fasta.vcf	chicken	pathogen
scaffold_1592_SS_383.fasta.vcf	chicken	pathogen
scaffold_3673_8808.fasta.vcf	chicken	pathogen
scaffold_4060_AV_b2_69.fasta.vcf	chicken	pathogen
scaffold_3744_AV102.fasta.vcf	chicken	pathogen
scaffold_4475_9363_EC_USA_CBL.fasta.vcf	chicken	pathogen
scaffold_9010_Nordic_E91.fasta.vcf	chicken	pathogen
scaffold_4063_AV_b2_97.fasta.vcf	chicken	pathogen
scaffold_6998_3328.fasta.vcf	chicken	pathogen
scaffold_7171_6429.fasta.vcf	chicken	pathogen
scaffold_7016_4833.fasta.vcf	chicken	pathogen
scaffold_7164_6422.fasta.vcf	chicken	pathogen
scaffold_7131_6113.fasta.vcf	chicken	pathogen
scaffold_8733_MOD1_EC6548.fasta.vcf	chicken	pathogen
scaffold_3747_AV105.fasta.vcf	chicken	pathogen
scaffold_8680_A_T_SAP708.fasta.vcf	chicken	pathogen
scaffold_9444_6213.fasta.vcf	chicken	pathogen
scaffold_9003_Nordic_E60.fasta.vcf	chicken	pathogen
scaffold_7144_6382.fasta.vcf	chicken	pathogen
scaffold_9012_Nordic_E98.fasta.vcf	chicken	pathogen
scaffold_7003_3366.fasta.vcf	chicken	pathogen
scaffold_1594_SS_385.fasta.vcf	chicken	pathogen
scaffold_7151_6389.fasta.vcf	chicken	pathogen
scaffold_7091_3370_2.fasta.vcf	chicken	pathogen
scaffold_3759_AV20.fasta.vcf	chicken	pathogen
scaffold_7169_6427.fasta.vcf	chicken	pathogen
scaffold_9000_Nordic_E50.fasta.vcf	chicken	pathogen
scaffold_8731_MOD1_EC6341.fasta.vcf	chicken	pathogen
scaffold_8728_MOD1_EC5996.fasta.vcf	chicken	pathogen
scaffold_7149_6387.fasta.vcf	chicken	pathogen
scaffold_7104_3414_3.fasta.vcf	chicken	pathogen
scaffold_3741_AV099.fasta.vcf	chicken	pathogen
scaffold_1600_SS_393.fasta.vcf	chicken	pathogen
scaffold_8996_Nordic_E45.fasta.vcf	chicken	pathogen
scaffold_8661_EC5.fasta.vcf	chicken	pathogen
scaffold_9515_6776.fasta.vcf	chicken	pathogen
scaffold_6993_3282.fasta.vcf	chicken	pathogen
scaffold_6584_AV136.fasta.vcf	chicken	pathogen
scaffold_8714_E94.fasta.vcf	chicken	pathogen
scaffold_4579_8630.fasta.vcf	chicken	pathogen
scaffold_4479_9367_EC_USA_CBL.fasta.vcf	chicken	pathogen
scaffold_7128_6110.fasta.vcf	chicken	pathogen
scaffold_3773_AV34.fasta.vcf	chicken	pathogen
scaffold_9002_Nordic_E59.fasta.vcf	chicken	pathogen
scaffold_8713_E91.fasta.vcf	chicken	pathogen
scaffold_9535_Nordic_E51.fasta.vcf	chicken	pathogen
scaffold_6557_AV109.fasta.vcf	chicken	pathogen
scaffold_7146_6384.fasta.vcf	chicken	pathogen
scaffold_7133_6115.fasta.vcf	chicken	pathogen
scaffold_7166_6424.fasta.vcf	chicken	pathogen
scaffold_3780_AV41.fasta.vcf	chicken	pathogen
scaffold_3800_AV61.fasta.vcf	chicken	pathogen
scaffold_1624_APEC_O78.fasta.vcf	chicken	pathogen
scaffold_9512_6773.fasta.vcf	chicken	pathogen
scaffold_6994_3287.fasta.vcf	chicken	pathogen
scaffold_8712_E90.fasta.vcf	chicken	pathogen
scaffold_8990_Nordic_E32.fasta.vcf	chicken	pathogen
scaffold_1595_SS_386.fasta.vcf	chicken	pathogen
scaffold_3668_6344.fasta.vcf	chicken	pathogen
scaffold_8991_Nordic_E35.fasta.vcf	chicken	pathogen
scaffold_8987_Nordic_E27.fasta.vcf	chicken	pathogen
scaffold_7134_6116.fasta.vcf	chicken	pathogen
scaffold_7158_6416.fasta.vcf	chicken	pathogen
scaffold_7022_5082.fasta.vcf	chicken	pathogen
scaffold_7000_3354.fasta.vcf	chicken	pathogen
scaffold_9509_6770.fasta.vcf	chicken	pathogen
scaffold_7009_4696.fasta.vcf	chicken	pathogen
scaffold_4481_9369_EC_USA_CBL.fasta.vcf	chicken	pathogen
scaffold_3742_AV100.fasta.vcf	chicken	pathogen
scaffold_3774_AV35.fasta.vcf	chicken	pathogen
scaffold_3752_AV13.fasta.vcf	chicken	pathogen
scaffold_7030_3371_1.fasta.vcf	chicken	pathogen
scaffold_8711_E110.fasta.vcf	chicken	pathogen
scaffold_9480_7468.fasta.vcf	chicken	pathogen
scaffold_1593_SS_384.fasta.vcf	chicken	pathogen
scaffold_9529_7151.fasta.vcf	chicken	pathogen
scaffold_3667_6265.fasta.vcf	chicken	pathogen
scaffold_7001_3359.fasta.vcf	chicken	pathogen
scaffold_1611_SS_408.fasta.vcf	chicken	pathogen
scaffold_8788_Nordic_E18.fasta.vcf	chicken	pathogen
scaffold_9532_Nordic_E38.fasta.vcf	chicken	pathogen
scaffold_9469_7449.fasta.vcf	chicken	pathogen
scaffold_9561_FSIS11704223.fasta.vcf	chicken	pathogen
scaffold_6997_3315.fasta.vcf	chicken	pathogen
scaffold_9009_Nordic_E86.fasta.vcf	chicken	pathogen
scaffold_1607_SS_402.fasta.vcf	chicken	pathogen
scaffold_9533_Nordic_E41.fasta.vcf	chicken	pathogen
scaffold_1596_SS_388.fasta.vcf	chicken	pathogen
scaffold_7102_3414_1.fasta.vcf	chicken	pathogen
scaffold_7100_3405.fasta.vcf	chicken	pathogen
scaffold_9452_7175.fasta.vcf	chicken	pathogen
scaffold_4489_9377_EC_UK_PM.fasta.vcf	chicken	pathogen
scaffold_7157_6415.fasta.vcf	chicken	pathogen
scaffold_3670_8805.fasta.vcf	chicken	pathogen
scaffold_1605_SS_399.fasta.vcf	chicken	pathogen
scaffold_8986_Nordic_E26.fasta.vcf	chicken	pathogen
scaffold_9001_Nordic_E57.fasta.vcf	chicken	pathogen
scaffold_9015_Nordic_E109.fasta.vcf	chicken	pathogen
scaffold_6989_2896.fasta.vcf	chicken	pathogen
scaffold_9478_7461.fasta.vcf	chicken	commensal
scaffold_8764_VRES0553.fasta.vcf	chicken	commensal
scaffold_9492_5154.fasta.vcf	chicken	commensal
scaffold_1468_SS_223.fasta.vcf	chicken	commensal
scaffold_7035_3385_1.fasta.vcf	chicken	commensal
scaffold_7087_3269.fasta.vcf	chicken	commensal
scaffold_8696_AZ_TG73367.fasta.vcf	chicken	commensal
scaffold_9506_6723.fasta.vcf	chicken	commensal
scaffold_9466_7446.fasta.vcf	chicken	commensal
scaffold_1555_SS_320.fasta.vcf	chicken	commensal
scaffold_3796_AV57.fasta.vcf	chicken	commensal
scaffold_9562_FSIS1703765.fasta.vcf	chicken	commensal
scaffold_9496_5980.fasta.vcf	chicken	commensal
scaffold_3818_AV79.fasta.vcf	chicken	commensal
scaffold_8745_VREC0633.fasta.vcf	chicken	commensal
scaffold_6561_AV113.fasta.vcf	chicken	commensal
scaffold_6562_AV114.fasta.vcf	chicken	commensal
scaffold_8671_16009908_S25_L001_R1_001.fasta.vcf	chicken	commensal
scaffold_3797_AV58.fasta.vcf	chicken	commensal
scaffold_8682_AZ_TG77110.fasta.vcf	chicken	commensal
scaffold_3817_AV78.fasta.vcf	chicken	commensal
scaffold_3811_AV72.fasta.vcf	chicken	commensal
scaffold_8653_53C.fasta.vcf	chicken	commensal
scaffold_9468_7448.fasta.vcf	chicken	commensal
scaffold_1572_SS_349.fasta.vcf	chicken	commensal
scaffold_1586_SS_375.fasta.vcf	chicken	commensal
scaffold_8694_AZ_TG73295.fasta.vcf	chicken	commensal
scaffold_8760_VRES0549.fasta.vcf	chicken	commensal
scaffold_1576_SS_358.fasta.vcf	chicken	commensal
scaffold_8767_VRES0556.fasta.vcf	chicken	commensal
scaffold_9490_4997.fasta.vcf	chicken	commensal
scaffold_1568_SS_344.fasta.vcf	chicken	commensal
scaffold_3820_AV81.fasta.vcf	chicken	commensal
scaffold_1561_SS_333.fasta.vcf	chicken	commensal
scaffold_3736_AV08.fasta.vcf	chicken	commensal
scaffold_9518_6829.fasta.vcf	chicken	commensal
scaffold_3730_AV02.fasta.vcf	chicken	commensal
scaffold_8669_14M009386.fasta.vcf	chicken	commensal
scaffold_1557_SS_328.fasta.vcf	chicken	commensal
scaffold_3806_AV67.fasta.vcf	chicken	commensal
scaffold_9579_NC_STEC53.fasta.vcf	chicken	commensal
scaffold_9500_6183.fasta.vcf	chicken	commensal
scaffold_9485_4437.fasta.vcf	chicken	commensal
scaffold_8761_VRES0550.fasta.vcf	chicken	commensal
scaffold_1565_SS_339.fasta.vcf	chicken	commensal
scaffold_8769_VRES0576.fasta.vcf	chicken	commensal
scaffold_1571_SS_347.fasta.vcf	chicken	commensal
scaffold_3788_AV49.fasta.vcf	chicken	commensal
scaffold_8751_VRES0527.fasta.vcf	chicken	commensal
scaffold_1575_SS_356.fasta.vcf	chicken	commensal
scaffold_1465_SS_220.fasta.vcf	chicken	commensal
scaffold_1471_SS_226.fasta.vcf	chicken	commensal
scaffold_8689_AZ_TG71391.fasta.vcf	chicken	commensal
scaffold_8778_VRES0676.fasta.vcf	chicken	commensal
scaffold_8777_VRES0674.fasta.vcf	chicken	commensal
scaffold_8691_AZ_TG73155.fasta.vcf	chicken	commensal
scaffold_8748_VRES0502.fasta.vcf	chicken	commensal
scaffold_9505_6695.fasta.vcf	chicken	commensal
scaffold_3781_AV42.fasta.vcf	chicken	commensal
scaffold_1573_SS_350.fasta.vcf	chicken	commensal
scaffold_7095_3398.fasta.vcf	chicken	commensal
scaffold_8759_VRES0541.fasta.vcf	chicken	commensal
scaffold_8750_VRES0524.fasta.vcf	chicken	commensal
scaffold_9497_5995.fasta.vcf	chicken	commensal
scaffold_9502_6185.fasta.vcf	chicken	commensal
scaffold_8763_VRES0552.fasta.vcf	chicken	commensal
scaffold_1475_SS_230.fasta.vcf	chicken	commensal
scaffold_9577_NC_STEC29.fasta.vcf	chicken	commensal
scaffold_3732_AV04.fasta.vcf	chicken	commensal
scaffold_8765_VRES0554.fasta.vcf	chicken	commensal
scaffold_1570_SS_346.fasta.vcf	chicken	commensal
scaffold_1564_SS_338.fasta.vcf	chicken	commensal
scaffold_1552_SS_307.fasta.vcf	chicken	commensal
scaffold_8705_DRS016135.fasta.vcf	chicken	commensal
scaffold_6564_AV116.fasta.vcf	chicken	commensal
scaffold_3757_AV18.fasta.vcf	chicken	commensal
scaffold_9504_6255.fasta.vcf	chicken	commensal
scaffold_3729_AV01.fasta.vcf	chicken	commensal
scaffold_8766_VRES0555.fasta.vcf	chicken	commensal
scaffold_1574_SS_355.fasta.vcf	chicken	commensal
scaffold_7019_4999.fasta.vcf	chicken	commensal
scaffold_3751_AV12.fasta.vcf	chicken	commensal
scaffold_3783_AV44.fasta.vcf	chicken	commensal
scaffold_3803_AV64.fasta.vcf	chicken	commensal
scaffold_3832_AV93.fasta.vcf	chicken	commensal
scaffold_7088_3270.fasta.vcf	chicken	commensal
scaffold_9495_5935.fasta.vcf	chicken	commensal
scaffold_3758_AV19.fasta.vcf	chicken	commensal
scaffold_1560_SS_332.fasta.vcf	chicken	commensal
scaffold_8683_AZ_TG77134.fasta.vcf	chicken	commensal
scaffold_1469_SS_224.fasta.vcf	chicken	commensal
scaffold_9576_NC_STEC255.fasta.vcf	chicken	commensal
scaffold_8737_SAMEA10420594416049438.fasta.vcf	chicken	commensal
scaffold_9486_4606.fasta.vcf	chicken	commensal
scaffold_8700_AZ_TG73559.fasta.vcf	chicken	commensal
scaffold_8697_AZ_TG73451.fasta.vcf	chicken	commensal
scaffold_1569_SS_345.fasta.vcf	chicken	commensal
scaffold_9489_4935.fasta.vcf	chicken	commensal
scaffold_1577_SS_360.fasta.vcf	chicken	commensal
scaffold_3814_AV75.fasta.vcf	chicken	commensal
scaffold_3794_AV55.fasta.vcf	chicken	commensal
scaffold_7013_4777.fasta.vcf	chicken	commensal
scaffold_4061_AV_b2_83.fasta.vcf	chicken	commensal
scaffold_8749_VRES0523.fasta.vcf	chicken	commensal
scaffold_8776_VRES0668.fasta.vcf	chicken	commensal
scaffold_1474_SS_229.fasta.vcf	chicken	commensal
scaffold_9487_4736.fasta.vcf	chicken	commensal
scaffold_3829_AV90.fasta.vcf	chicken	commensal
scaffold_8701_AZ_TG73603.fasta.vcf	chicken	commensal
scaffold_7099_3403.fasta.vcf	chicken	commensal
scaffold_8747_VRES0501.fasta.vcf	chicken	commensal
scaffold_7107_3415_2.fasta.vcf	chicken	commensal
scaffold_7020_5030.fasta.vcf	chicken	commensal
scaffold_8693_AZ_TG73287.fasta.vcf	chicken	commensal
scaffold_1478_SS_233.fasta.vcf	chicken	commensal
scaffold_3793_AV54.fasta.vcf	chicken	commensal
scaffold_3813_AV74.fasta.vcf	chicken	commensal
scaffold_8688_AZ_TG71271.fasta.vcf	chicken	commensal
scaffold_3735_AV07.fasta.vcf	chicken	commensal
scaffold_8670_14M009387.fasta.vcf	chicken	commensal
scaffold_3784_AV45.fasta.vcf	chicken	commensal
scaffold_3767_AV28.fasta.vcf	chicken	commensal
scaffold_8771_VRES0581.fasta.vcf	chicken	commensal
scaffold_3749_AV11.fasta.vcf	chicken	commensal
scaffold_3782_AV43.fasta.vcf	chicken	commensal
scaffold_8756_VRES0533.fasta.vcf	chicken	commensal
scaffold_3738_AV10.fasta.vcf	chicken	commensal
scaffold_8703_AZ_TG73639.fasta.vcf	chicken	commensal
scaffold_7036_3385_2.fasta.vcf	chicken	commensal
scaffold_8654_53C_1.fasta.vcf	chicken	commensal
scaffold_8772_VRES0582.fasta.vcf	chicken	commensal
scaffold_1585_SS_374.fasta.vcf	chicken	commensal
scaffold_3824_AV85.fasta.vcf	chicken	commensal
scaffold_3799_AV60.fasta.vcf	chicken	commensal
scaffold_8768_VRES0559.fasta.vcf	chicken	commensal
scaffold_8686_AZ_TG71179.fasta.vcf	chicken	commensal
scaffold_3734_AV06.fasta.vcf	chicken	commensal
scaffold_8687_AZ_TG71187.fasta.vcf	chicken	commensal
scaffold_3819_AV80.fasta.vcf	chicken	commensal
scaffold_3805_AV66.fasta.vcf	chicken	commensal
scaffold_8690_AZ_TG73123.fasta.vcf	chicken	commensal
scaffold_3766_AV27.fasta.vcf	chicken	commensal
scaffold_9482_7488.fasta.vcf	chicken	commensal
scaffold_7018_4865.fasta.vcf	chicken	commensal
scaffold_1583_SS_370.fasta.vcf	chicken	commensal
scaffold_9507_6746.fasta.vcf	chicken	commensal
scaffold_1578_SS_361.fasta.vcf	chicken	commensal
scaffold_1559_SS_331.fasta.vcf	chicken	commensal
scaffold_9539_Nordic_E117.fasta.vcf	chicken	commensal
scaffold_1562_SS_334.fasta.vcf	chicken	commensal
scaffold_9523_6848.fasta.vcf	chicken	commensal
scaffold_1581_SS_367.fasta.vcf	chicken	commensal
scaffold_8773_VRES0584.fasta.vcf	chicken	commensal
scaffold_8695_AZ_TG73359.fasta.vcf	chicken	commensal
scaffold_8755_VRES0532.fasta.vcf	chicken	commensal
scaffold_8757_VRES0535.fasta.vcf	chicken	commensal
scaffold_9491_5153.fasta.vcf	chicken	commensal
scaffold_8775_VRES0667.fasta.vcf	chicken	commensal
scaffold_3789_AV50.fasta.vcf	chicken	commensal
scaffold_3809_AV70.fasta.vcf	chicken	commensal
scaffold_3812_AV73.fasta.vcf	chicken	commensal
scaffold_3792_AV53.fasta.vcf	chicken	commensal
scaffold_3777_AV38.fasta.vcf	chicken	commensal
scaffold_7015_4826.fasta.vcf	chicken	commensal
scaffold_8753_VRES0529.fasta.vcf	chicken	commensal
scaffold_9581_NC_STEC81.fasta.vcf	chicken	commensal
scaffold_7108_3415_3.fasta.vcf	chicken	commensal
scaffold_9484_3807.fasta.vcf	chicken	commensal
scaffold_3778_AV39.fasta.vcf	chicken	commensal
scaffold_1466_SS_221.fasta.vcf	chicken	commensal
scaffold_1566_SS_340.fasta.vcf	chicken	commensal
scaffold_1472_SS_227.fasta.vcf	chicken	commensal
scaffold_3795_AV56.fasta.vcf	chicken	commensal
scaffold_3815_AV76.fasta.vcf	chicken	commensal
scaffold_8698_AZ_TG73499.fasta.vcf	chicken	commensal
scaffold_3776_AV37.fasta.vcf	chicken	commensal
scaffold_1582_SS_369.fasta.vcf	chicken	commensal
scaffold_7033_3382_1.fasta.vcf	chicken	commensal
scaffold_1550_SS_305.fasta.vcf	chicken	commensal
scaffold_7110_3415_6.fasta.vcf	chicken	commensal
scaffold_1549_SS_304.fasta.vcf	chicken	commensal
scaffold_3733_AV05.fasta.vcf	chicken	commensal
scaffold_1477_SS_232.fasta.vcf	chicken	commensal
scaffold_9488_4931.fasta.vcf	chicken	commensal
scaffold_7106_3415_12.fasta.vcf	chicken	commensal
scaffold_9499_6182.fasta.vcf	chicken	commensal
scaffold_3764_AV25.fasta.vcf	chicken	commensal
scaffold_3828_AV89.fasta.vcf	chicken	commensal
scaffold_8744_VREC0579.fasta.vcf	chicken	commensal
scaffold_8752_VRES0528.fasta.vcf	chicken	commensal
scaffold_9479_7464.fasta.vcf	chicken	commensal
scaffold_1467_SS_222.fasta.vcf	chicken	commensal
scaffold_9580_NC_STEC65.fasta.vcf	chicken	commensal
scaffold_8649_897.fasta.vcf	chicken	commensal
scaffold_8758_VRES0536.fasta.vcf	chicken	commensal
scaffold_3821_AV82.fasta.vcf	chicken	commensal
scaffold_1567_SS_343.fasta.vcf	chicken	commensal
scaffold_3827_AV88.fasta.vcf	chicken	commensal
scaffold_9578_NC_STEC41.fasta.vcf	chicken	commensal
scaffold_8699_AZ_TG73523.fasta.vcf	chicken	commensal
scaffold_7092_3391.fasta.vcf	chicken	commensal
scaffold_9575_NC_STEC109.fasta.vcf	chicken	commensal
scaffold_7098_3401.fasta.vcf	chicken	commensal
scaffold_3731_AV03.fasta.vcf	chicken	commensal
scaffold_9571_MOD1_EC3497.fasta.vcf	chicken	commensal
scaffold_3737_AV09.fasta.vcf	chicken	commensal
scaffold_1551_SS_306.fasta.vcf	chicken	commensal
scaffold_8692_AZ_TG73191.fasta.vcf	chicken	commensal
scaffold_9538_Nordic_E112.fasta.vcf	chicken	commensal
scaffold_3826_AV87.fasta.vcf	chicken	commensal
scaffold_1476_SS_231.fasta.vcf	chicken	commensal
scaffold_1584_SS_373.fasta.vcf	chicken	commensal
scaffold_7097_3400.fasta.vcf	chicken	commensal
scaffold_8774_VRES0585.fasta.vcf	chicken	commensal
scaffold_1548_SS_303.fasta.vcf	chicken	commensal
scaffold_1563_SS_335.fasta.vcf	chicken	commensal
scaffold_8743_VREC0540.fasta.vcf	chicken	commensal
scaffold_1558_SS_330.fasta.vcf	chicken	commensal
scaffold_8754_VRES0531.fasta.vcf	chicken	commensal
scaffold_7017_4863.fasta.vcf	chicken	commensal
scaffold_8685_AZ_TG60957.fasta.vcf	chicken	commensal
scaffold_3831_AV92.fasta.vcf	chicken	commensal
scaffold_3763_AV24.fasta.vcf	chicken	commensal
scaffold_8770_VRES0580.fasta.vcf	chicken	commensal
scaffold_8684_AZ_TG56219.fasta.vcf	chicken	commensal
scaffold_9493_5155.fasta.vcf	chicken	commensal
scaffold_3790_AV51.fasta.vcf	chicken	commensal
scaffold_9467_7447.fasta.vcf	chicken	commensal
scaffold_3810_AV71.fasta.vcf	chicken	commensal
scaffold_6563_AV115.fasta.vcf	chicken	commensal
scaffold_8681_AZ_TG77034.fasta.vcf	chicken	commensal
scaffold_6560_AV112.fasta.vcf	chicken	commensal
scaffold_1580_SS_364.fasta.vcf	chicken	commensal
scaffold_9501_6184.fasta.vcf	chicken	commensal
scaffold_3755_AV16.fasta.vcf	chicken	commensal
scaffold_8702_AZ_TG73619.fasta.vcf	chicken	commensal
scaffold_7109_3415_4.fasta.vcf	chicken	commensal
scaffold_7014_4817.fasta.vcf	chicken	commensal
scaffold_9508_6766.fasta.vcf	chicken	commensal
scaffold_1556_SS_324.fasta.vcf	chicken	commensal
scaffold_7034_3382_2.fasta.vcf	chicken	commensal
scaffold_1554_SS_317.fasta.vcf	chicken	commensal